,rating,rating,rating,rating,rating,rating,rating,rating,rating,rating,rating,rating,rating,rating,rating,rating,rating,rating,rating,rating,rating,rating,rating,rating,rating,rating,rating,rating,rating,rating,rating,rating,rating,rating
movie_id,1,2,3,4,5,6,7,8,9,10,11,12,13,14,15,16,17,18,19,20,21,22,23,24,25,26,27,28,29,30,31,32,33,34
user_id,,,,,,,,,,,,,,,,,,,,,,,,,,,,,,,,,,
1,4.003215873826259,3.920546559812563,4.15571575354598,3.5276202112982467,3.9203735263893464,4.142956551910388,2.6557374957726227,4.0665452391724255,4.010424299105049,3.805421555557725,3.536350329510364,3.560045925832139,4.960097257661546,3.9993486232246465,3.2663296868143847,3.8868712930134013,2.3755446686009303,3.152374760388427,4.116029050195203,3.4058679363622515,4.011792257933379,3.6093518787425816,3.4819069334277746,3.798439575294842,3.7970945142469055,3.9845765431824742,3.3305133431565137,3.990521617877494,3.4573772988011076,3.1075195911415268,2.7227253182512987,3.355334561986895,3.040899742324969,4.568880939744732
2,4.970684054299122,4.967977574581854,4.445415920012605,3.9035558806296904,4.831518948814097,4.706451712923956,3.393986739207468,4.698964232841663,4.531862507244667,4.837513718151531,3.962601789201677,4.066460406438459,4.776287957348104,4.012900270276617,3.9984993260258213,4.217574596886536,2.526089654757009,3.5431306285550033,4.198905725920778,4.398260829746042,4.993938285311094,4.573728151352213,3.8224204892802973,4.732354562873862,4.314384167838294,4.494209227862259,4.414731973592272,4.164013786718408,3.462601020773075,4.389560098583552,2.994319660968392,4.346947273000363,4.01308493702671,3.9994191703629074
3,4.017185475902825,3.98570269092932,4.95573120494424,4.088417014815552,4.528632527693134,4.2712045475133,2.8185753092559827,4.338047026552862,4.491404515990325,4.367839660810228,3.724673743402131,3.532128204996678,4.964911864539692,4.196572544850793,3.443548997654778,3.621307465280061,2.744097223870198,3.420291168308272,4.213984260015005,3.5024934861534853,4.440202565279385,3.010953509208029,3.0160171362659556,3.8630894505424056,4.080784303556956,4.317090974439654,3.879792922723098,4.474692874348357,3.205994523208063,3.2372419337921716,2.231628695461703,2.5900401472907775,3.4452857238132575,4.59761533893597
4,4.9910479935917005,4.987251656393174,4.929134797959785,4.961958668634425,5.010576408992762,4.961558027757906,3.944718225674757,5.076155634251475,4.952066455811636,5.017275580970231,4.511535621439303,3.8222774490175317,5.000365559412544,4.204211895770786,3.582879171246233,4.371866366349911,3.1227137192999006,3.5417838569552513,4.341338274491639,3.9821636452825526,4.72213361367453,4.591559647482158,3.5985400686903217,4.97961366956436,4.062659455859733,4.741912545798539,4.503192890800377,4.906790898730221,3.1167143495244614,3.4137711568986444,2.0075844429026533,4.2235255570917625,4.171770536078097,4.644264842443102
5,4.980617963523973,4.2404753033408,5.461399680725566,4.373441871762465,5.163318572125182,4.554854190699386,3.1518142910065454,4.6374874150909084,4.982078041768011,4.919474688967244,4.143473290680445,4.106979627082291,4.9692365013467175,4.677222091804765,3.29368149687597,4.2699110262420765,3.023518216153909,3.4373492621227326,4.969746823070934,3.390814433165014,3.995056953915506,3.489218962519139,3.108951975319572,4.432527744906666,4.5061077158632985,4.722966872231081,3.7372769073864798,5.074061465930824,3.017248119203444,3.610671751288573,2.9962917045748476,2.0318112883361805,4.9807572597574605,4.987327558518213
6,4.970671318079108,4.964539095083483,4.168906413049304,3.8777210883612656,4.5069045213955725,4.54159071053566,3.554510555894152,4.708153241108097,4.286973145126581,4.623700926366379,3.8845473233086776,3.7875350176101263,4.322065745857056,3.6316780220378484,3.906943917972756,4.099763872356764,2.5455464762984423,3.0858140162895924,3.735725362884852,4.183941434386202,4.888088296175806,4.814905914392331,3.9070263327820753,4.846943670247557,4.016134605591593,4.218097069424268,4.734005788942247,3.8379924533808762,3.475779607620096,3.811601198647324,2.010732347869898,4.979294718293531,4.001694370716941,3.0166704573736345
7,4.978870887800293,4.184380834064404,4.2201149132781195,2.041095411309541,4.145679394953283,4.238613673275549,2.8280229835819264,4.0411069640964925,4.0010949539027285,4.1149739317723295,3.3280281128776963,4.967691329655801,4.9885645537352135,4.91314505612035,4.040232611567353,4.983466994387602,2.1284470937188247,2.9398400858500544,4.260139216667671,4.521579064073064,4.619494358043058,4.995945160806952,4.981593648115123,4.693291600431984,4.547610404249566,3.987628386479667,3.7970639248918467,3.6675325901196474,5.1675519822645954,4.446466271591698,4.283618407770068,4.518285312468856,4.5816101155442635,4.00296285006742
8,4.033186012508764,4.6108318561794155,4.988318841914789,4.093409177886009,4.8124391072728585,4.380069797343852,3.4541099690228845,4.456817338989538,4.8930905754820575,5.002083766243202,4.260922847919329,4.029729176112015,4.414345031409472,4.984764927725483,3.482207073629954,4.0479161492018,3.3069949320928655,4.057462509805467,3.665286696177007,3.9392780546152513,5.038514181426485,3.6353155760665032,3.0011937048556216,4.480280231338366,4.267415133639269,4.697522631999363,4.961256899931948,4.964606843897613,3.4010773702568766,3.4738413115350255,2.098324720237714,3.1544201640354963,3.795375808002167,4.455222225088793
9,4.9858477112484945,4.640059502867258,4.999142116551784,4.143158837361483,4.871999674776325,4.667966565771415,3.4077811212893816,4.796434021211503,4.769221514611516,4.763366171200971,4.352393959545457,4.289546669726544,4.9990310919711805,4.867698853213258,3.3623298459348234,4.9777868769315825,2.980117131727486,3.4527721579583273,4.3653914565038425,3.588899895537843,4.595582680978065,4.565685610098662,3.972655818428975,4.753761021421229,4.42099981207433,4.743282310009349,4.05379660428278,4.97499632500412,3.9982882103718067,3.446913963599608,2.6124820471021026,3.7345449349928286,4.461397557896401,4.890597539079806
10,4.009586890475592,3.9850049311099123,4.000603301317955,2.52465437705525,3.924540180356572,4.251558011880351,2.7783452800042845,4.0183110690991155,4.007657633480209,3.903326881873567,2.5111598708862575,4.011572827500139,4.990426986792358,3.0194200385824805,4.950855681675145,3.549325121113561,2.940380574422856,2.7942995955434125,4.517431759825533,5.085100509097784,3.978649259616964,4.001623704911135,4.960489527196912,4.037092791737285,3.6452371170529445,3.5721239546605683,3.8978563454556823,3.2068489952970847,4.997892156313395,5.328183033502279,2.967453448667948,4.659712845908483,3.3005560529094464,4.020991463271521
11,4.95884153030694,4.008158401946943,4.975785339461163,3.570078335346611,4.603855265631838,4.33309307731785,2.701782709887,4.419610624840205,4.313746268124132,4.5323621361886435,3.7025300284781273,4.156728266339008,4.454863018442991,4.969882199434701,3.309165548658526,4.018392968588072,2.7969200310906515,3.376555771537092,4.019975096348819,4.074804402023055,4.56706814854155,4.1260706273601695,3.2107802778611565,4.3283966533115565,4.3979944902145975,4.05806122079901,4.187917428636777,4.18025405463733,3.7777336731715145,2.9928018893845287,3.2235947225680777,3.132901779765799,4.9954292002318095,3.0131926819297026
12,4.989623216656714,4.64858530314891,4.982004293494438,3.9986069618335165,4.919818711079136,4.876758227351183,3.507480892907445,4.981931150396619,4.768066376173096,4.759905859434284,3.332104296190088,4.022656491985983,5.238395187387719,3.0268159074861147,4.975810495573984,4.021169845750362,3.3748141452915834,2.8340947816491173,4.96048227382864,4.9217789501336515,4.349020389081273,4.394085385054564,4.974383120529957,4.725790434936225,4.003675728017185,4.30244167907198,4.388775416953088,4.145440847288748,4.675994160445738,5.201678316383982,1.9761486177706054,4.639528685851263,4.226052514325273,4.204380701748642
13,4.0019765463436245,4.332164630867788,4.1734504533121,3.771366075407654,4.860944499018127,4.101236038137028,4.927607197031242,4.05589351796435,4.537460560904448,4.940537864438866,3.5508349812717603,3.5318985802947895,4.001214040967305,2.9790298789911223,3.9735608167837864,3.404091961043394,1.7758541130329322,2.750490692495206,2.789282934118325,4.143327376021956,4.895905146029683,4.007966373769724,3.010218073605667,5.362393550904296,3.2961529904301052,3.9721521491122354,4.67196125863879,3.9739744497099894,2.05066237993845,4.13427913581558,0.7916196848440558,3.93267581884098,3.96178736469607,4.20983837933453
14,4.97650285691754,4.032873581158844,4.991719241517722,3.8039413334665193,4.986238774254305,4.556898441495984,3.6608206652009927,4.6141898364692,4.534713157476909,4.652219422479219,3.6387278878092917,4.149846869330332,4.9843338325818936,4.416882724561699,3.7335893180733044,4.383557630082414,2.5368103326887894,3.030454306545678,4.192850107381979,3.9753088502945304,4.786190348822415,4.521503051224074,3.7946040361180136,4.970687098994824,4.243515792471168,4.120826978858734,3.9559836815699043,4.286852385571349,3.8372566816663882,3.44783572105175,2.64522598233308,4.007041461106574,5.197275482299472,4.498421854308147
15,4.974870465375282,4.76205862576739,5.005680469947647,4.9699759693283445,4.969409421392979,4.8773334666343375,3.5719156507421252,5.043786046111291,4.910148871304082,4.858106671393253,4.3328225339472235,3.7633135078750617,4.995060610600989,4.008339027122242,3.5269792586025175,4.313383938122168,3.220822825153299,3.513903649217252,4.463861329272031,3.6975165950141564,4.252045549862624,4.3492803339292045,3.535646685973023,4.661160446313234,4.050098521727772,4.707707104768235,4.124796792964855,4.979857988379615,3.3234432931937112,3.3860967560887616,1.852156645235007,3.5818356148319195,4.101456114543144,4.572117247950913
16,4.008162975792662,3.8344979064408444,3.9919637668808057,2.903189906776396,4.557669661906988,4.2361310449957585,3.1216954194303437,4.002996488587693,3.9065397964078477,4.443650884901313,2.7647987819883073,3.652642162950702,4.03058312359415,3.5739468338943428,3.969316749559016,3.6733262447865855,3.1112070091787882,2.977693645488609,3.8572662154613493,4.582067300932364,4.508140487466598,4.328832987045314,3.8243908413624483,4.199852628845322,3.4322599552797644,3.3735621752254983,3.8979842681555428,3.162244193889746,3.87810767468964,4.974836232959877,3.682241374003253,4.98331823679453,4.980403353080394,3.997994495551194
17,3.9981908594235147,3.997431431330198,4.02847797831824,3.5481182319108258,4.920817812521705,4.1498098795648115,2.886541463341732,4.140957640685281,4.09926888262836,4.51519064271221,3.046059991790992,3.5030937477025605,3.988743497962841,3.516000359677928,3.710120479311413,3.49835055479485,2.363996518562019,3.946869738658911,3.274068452904207,3.4040436245869,4.710035247596894,3.8276679123867625,2.466443283303586,4.016958142673053,4.037392206889632,3.878297522810895,3.7363414022118144,3.716093435816437,3.182168373627371,4.193271232384779,2.6345693095179152,3.316253368803747,4.201081981173362,3.9630964832414897
18,4.985528093725428,4.4949600626282775,4.98639247755835,3.7614524598344343,4.9572903194393305,4.589390892430397,2.9207867467944006,4.728858653179286,4.647508025965231,4.690556806159988,3.9210310997571924,4.391711151790954,4.998528575651584,4.991847974447719,3.7822118206210007,4.538812789219877,2.7350338103369354,3.9066845508804233,4.380474208864899,3.6284457237248504,5.002934046285712,4.259207570843834,3.5268919898577855,4.580998335083992,4.971206064674721,4.594841409189481,4.288707285228759,4.535137726810985,4.166394564485726,3.529433375302998,3.0945064538955322,3.5080689953815694,4.689468356190201,4.276852900837337
19,4.923081981116009,4.989260328329451,4.486020967921093,3.8940436994148295,5.3435979197929715,5.016429476195884,3.3629024115723194,4.879821201715828,4.970785762053403,5.176017539705139,3.593233076214434,4.655911576958359,4.8764347101677235,4.299475073308447,4.977175669755953,4.015256643441186,2.840958131315686,5.117381889748296,3.8056914587735307,4.366794065852534,5.000070752576379,4.965231391333832,3.014364383230882,5.004566324709182,4.979549929436901,4.607241805720708,5.018272588400635,4.327029766573264,4.30750245216263,4.87268336267294,2.988177521402848,3.837748033468389,4.655015755556874,3.582164091317788
20,4.727105385295,4.972101479592677,4.4711316031243475,3.989799704533623,4.989094691081395,4.780442536509287,3.898484695061228,4.676505437292427,4.695218997379782,4.982583530180684,4.0168008108739715,4.073533636439839,4.9402584564131535,4.016301044202067,4.070450037308021,4.318980188201511,2.642638594358029,3.5298371762593272,4.256878703043815,4.583993472071469,5.186240768150526,4.618409559439392,3.9967402686660707,4.9766704270973365,4.132438348011086,4.539245974759068,4.409791790861006,4.324672446015635,3.3548211920855833,4.646634118241811,2.990843633372792,4.732580881862557,4.002269792560133,4.990908532599262
21,3.0896276940312477,3.9665322935404226,3.164451925104336,3.2414339111811103,3.0095783652957895,2.9258207878641724,2.415850938504763,3.021609417630425,3.453723670261165,3.4959482080526865,3.96129894956882,2.683944080733793,3.007900867858889,3.2654128190618743,1.6549288388426475,3.193840408363382,1.3375805786991142,2.5659950094523003,2.424877172023128,1.99982870248658,3.002995722601071,2.280547170408445,1.859013982438449,3.0107208239218664,2.9102282957464767,3.964532219881079,3.1577826179222757,3.9921073876115183,1.0058389389070537,2.241827980868823,1.0456363137711353,1.0085344033174675,1.243852510064657,3.0258780481305445
22,4.38388162024395,4.00975521158717,3.800918176164626,3.3111392314468624,4.37783141067307,4.167349321008491,3.983947393593625,4.036851815518334,3.9993429416099393,4.3483735055744095,3.4594393204564113,3.804715989788938,4.069382524186963,3.858214817990437,3.3342774327587072,4.11157126360515,2.0719848099078435,2.8986705549258445,3.0037285432996965,3.912462518809776,4.463002056138979,4.968289648344553,3.4029527226277794,4.975376375608888,3.404971779639967,3.6101904618968987,3.888207279616712,3.6833541126529736,3.143131111457878,3.3466962086336345,2.3596565530588336,4.636957918818,4.569926243647379,3.8600872653893186
23,3.775927104784578,3.9853980053548135,3.77103756377419,2.796297783207718,3.7505354486572124,4.152080706849399,2.0088929509421374,3.7769461102066324,3.764364572453667,3.760652973041171,3.441664407959009,3.960518406776317,4.845524372138603,4.984778098777192,3.0961319023304097,4.069238220919978,2.8269702252497577,3.889875281440771,4.33571728479526,4.239502805321567,4.4642153738191155,3.911626297491326,3.656010343232247,3.4285124247931837,3.9973830930907845,3.869711239277487,3.218372011037509,3.7475021492653338,3.9853494676166124,3.628081507904789,4.978043979890643,4.003843967029249,3.0152909964459016,4.986631492029464
24,4.97619184402349,4.996299595251767,4.979156092682167,3.698192491772581,4.990049950162652,4.998208378404782,3.5875121363605573,4.972492248360908,4.896495424520052,5.009326404053245,3.7005616850883922,4.520701282352019,5.341209903078165,4.1543993311101275,4.977735175164608,4.396582576977038,3.426296495890473,3.4958457240706076,4.855989082563762,5.298883789951429,5.196138804356477,4.735854160044837,4.969591249624794,5.003011519880787,4.487417053472531,4.551890948955959,4.977687567741825,4.27852888520987,4.904777321167345,5.2236516964428565,2.9823897085281303,5.191283135356688,4.363094774728224,4.4697181398136845
25,4.418235632241219,4.974664808101813,4.019650165390339,3.6243808491208527,4.750295724112968,4.36562856914719,3.917807561086886,4.3154792767185715,4.493647902363224,4.982799140964669,3.9170630131702397,3.971781150449024,4.006722985940479,3.8991726110156884,3.9369940649726645,3.8745300820747537,2.2570076664760013,3.720362647306228,3.141705843767259,4.238470194583655,5.142248060330466,4.475556881150377,3.1128877570288496,4.976637049260718,4.041408199499684,4.3515830425008835,4.979607825481576,4.029816968028332,2.8275248968210835,4.337511577930402,2.2396817871291117,4.2191701217894035,3.873425733674212,3.5157314435685274
26,4.945703832694248,4.996190527482039,4.6947653486211784,4.147723591128111,4.998347760351309,4.991288350695554,3.5858918490617264,4.980153314088154,4.816507483078836,5.014574803360662,4.023772056036437,4.295780038816102,4.932914750428299,4.527685371634652,4.2915388593544925,4.359199698773656,3.256177289042015,4.085808028060895,4.182627152650109,4.503509228864679,5.135306770683434,4.9828719002179,3.815534927952431,5.001123907998976,4.481769280207554,4.535207289101038,4.968453112408484,4.394343920485026,4.157273408748928,4.148070441867171,2.859924445326304,4.872611369892235,4.580747599535357,4.001831854996971
27,4.930262659143054,5.011970306871646,5.081100690096798,4.597538436053534,4.986816797648962,4.723234927530232,3.9265335232497875,4.8291362121894,4.912333155277895,5.113774719947584,4.93997949752891,4.065671440464535,4.921256952053784,5.045357446256067,3.005142212754156,4.866073280565796,2.630954811938593,3.4029144907789193,4.077401598155176,3.7405446658584394,5.178932239958549,4.39393868446244,3.5613235831593237,4.994039583060097,4.281950083607487,4.994067550501218,4.468593821754618,5.173998862585934,2.8653886733670557,3.2101422607795835,2.46456540774316,3.779398194443293,4.135252461999107,5.001034353179626
28,4.945333336810867,5.00172017071459,5.15798925485749,4.185574773371311,5.271012695566188,4.80780231329059,3.54326623709314,4.9454780453313285,5.093909004162295,5.197458323383736,4.311386710510601,4.514333915440012,4.978416075216171,4.998179928239381,4.079127059367151,4.56969664095374,2.9817116889489412,4.262602194452186,4.185791607043659,3.968196884114976,5.340732724094683,4.381864516607703,3.4837563956567426,4.995649780249764,4.979449814230914,4.983103359737715,4.979452326286582,4.976577751773995,3.9728766983298525,3.9307339973094333,2.511599323965663,3.6379633678767767,4.482992086633605,4.479877067295049
29,4.992489713458294,4.976977120899556,4.793782575255636,3.9936321372224866,4.9943924375650965,4.783123006169697,3.6178799253542695,4.814977307320852,4.769279478816256,4.972635217179027,4.425338568348794,4.398574544999906,4.999903212824823,4.992622980941972,3.62237697103316,4.977332747597997,2.7542487478746085,3.723155404434909,4.219827215836341,3.9587835974884187,5.253893622110242,4.815264680600283,3.9679072983736567,4.993214488986696,4.592822432744993,4.804527452979241,4.4674131597606195,4.746387503529561,3.8443503360780595,3.89153760798024,3.103180907060125,4.423621592636444,4.457953423173151,4.881140539123795
30,3.9690826239134163,3.906171515995447,4.974806195176589,4.122395061514482,4.981678354680027,3.6994125963816695,3.276199212986449,4.051351098849769,4.554600520504439,4.967225395591282,3.870145912279786,3.393227593967955,3.0468575878245567,3.9938400550350996,2.5100861492003474,3.7009690196580154,3.1042019024750975,3.126094839372677,2.9983958541434848,3.0368123796236106,4.004757577917532,3.008002902783084,2.2245257689806066,4.002599105583428,3.5533219266714884,4.302281240235136,4.009868005512557,4.956214628037772,2.4398769546880756,3.2646401774761786,0.9837447965736257,1.459942000110883,4.396257967551543,3.6995296428837783
31,4.528455955480941,4.582160020629588,5.000869524161475,4.30618678488619,4.939354874847591,4.6679343744574595,3.480758774400207,4.764093214727552,4.95827438377349,4.826503542548575,4.0272765373630435,4.112133511847714,4.971692275611733,4.3097266629211335,3.879960413688176,4.363319376633696,3.356003020987642,3.78137255958978,4.354513725555556,3.8260160938272505,4.411267383003514,4.101147675332245,3.7158602655082804,4.606925166097513,4.2599814429113625,4.698352760690448,4.292714209057786,4.988407768952736,3.991206501561422,3.87142876614304,2.0048235663283975,3.4186087988941423,4.001992215559355,4.992719762346767
32,4.526585035686319,4.3037940070671015,4.978179215555355,4.95831551056755,4.684694261512054,4.797102130499968,2.9864732198076895,4.903071789692387,4.643502726230536,4.528961845216982,4.0474803837565725,3.402538528088172,4.989547408473991,4.074418563289081,3.2499442866823394,3.996853709540578,3.698760656303025,3.514997677463775,4.596285232301969,3.6937503598870327,4.001038786680072,3.9854916798048556,3.3906575830904813,4.0228408276491106,3.739522174365217,4.359853141761493,3.7672952567276634,4.754730487933998,3.50943564665216,3.0604780156715954,2.2740510606394437,3.591956033842294,3.9727335750933537,4.614897641793786
33,4.993385147117899,5.019664881727265,5.00168534910848,4.620167968931793,5.387589026615532,4.986251362609292,4.9488639492143465,4.983532837980851,5.102864544259638,5.422643753821728,4.447725555300305,4.114673740380977,5.000095011256916,4.214649426922435,3.966536297041895,4.56277083090834,2.739905425934527,3.2044846135748437,4.002626265355146,4.6306563803842025,5.442799140326773,4.993523117091307,4.000452837779154,5.766882673267771,3.950496166298679,4.6783024655046646,4.875835358435205,4.812571907922987,3.0440328619368344,4.096003767747591,1.9828634198802133,5.019802188796914,4.757240365074445,5.197156205597431
34,4.343134463587551,4.500352451317728,4.999782937409232,4.757189643456309,4.702301473539442,4.830306925544358,4.0445560980186785,4.628021325513721,4.957037371148535,4.979467941975054,4.246192282927552,3.692464998241341,4.974709652744785,3.8347610256277553,3.533492798694787,3.999845959691912,3.6261841532463834,3.020942685925289,4.362765688444797,4.832428467788579,3.859370342924823,4.16497444093192,3.9340276889999375,4.61844532599022,3.052059150998782,4.4236168226877135,4.090369468243078,4.982249811868685,3.087411632289422,4.140426836777231,2.1661073751320465,3.6848836297634833,3.7420910882577503,5.077384679643758
35,4.905973231700301,4.6214602967119385,4.996412440394606,3.303165761537827,5.102416462963361,4.544758464141598,2.805522654454432,4.437327953621016,4.912244410179247,4.999000106022118,4.005858697676849,4.984559399416151,4.997692091548569,4.988536860571819,4.028311450386272,4.961100887267855,2.437425219921772,4.210304732140877,4.093754332639813,3.594041092134706,4.302038429557801,4.2302225623201535,3.5825691072767785,4.484660250140103,4.995659447862286,4.990278285426091,4.008008399745407,5.003709166904115,4.473476809296521,4.977324165310865,3.4062517562019297,2.025603274280916,4.465854916971002,4.433980063406112
36,4.613455059040168,3.998229262860072,4.978033848991016,3.6965750318208097,4.359082847094553,3.9974655207128813,4.287264490805094,4.333797647943271,4.2744522281278,4.328351329491508,3.874898517707713,3.5057140961425506,4.598769849946367,3.5804375043529038,3.110580519318268,4.491902401038514,2.433101755713983,1.0223764573965262,4.249322889170752,3.936880407763318,4.5620564026103345,3.8882747051838478,4.977879482246488,4.966994998761814,3.270077856336418,4.013535835313004,3.8195257721183107,4.281260100950866,3.23661573484969,3.119486864016334,1.009914341276804,4.566755072252413,4.19990471101416,4.992879237114835
37,4.9980635666028705,5.118326837006518,5.003177784138187,4.707176202626969,4.892363343936037,4.850553252123682,3.780514485928862,4.979490126088171,4.873830463481473,4.997247754562802,4.9521980390509395,4.007074388935272,5.070041763568771,4.971513492385004,3.062806804909404,4.989234010486938,2.8954114276421827,3.4124172881994705,4.347968119928369,3.6993916531746844,5.0831085532774765,4.571833495820531,3.8480924470070943,4.906420779864838,4.282689249180433,5.000570684585743,4.410129365979326,5.125483211675547,3.161028498089486,3.2095844737858314,2.560976437431223,4.242223088751206,4.055618528267933,5.092840018161598
38,4.176648514537974,3.739230906055087,4.952523050614593,3.656114905863136,4.965041544113865,4.003787744755783,2.9320636796207666,4.246693122858431,4.215893499755063,4.634578503472472,3.257545182230804,3.45090076929819,4.007951951193253,3.973681346705753,3.3645331035901673,3.569724383159286,2.745943324216969,3.009440801128596,3.6802219344827813,3.744212876132217,4.992521869857884,3.2635506023580967,2.998852646866821,4.013086370961094,4.000618462729956,3.917795497439403,3.9795108438880606,4.013971789111326,3.2990065663276607,3.633827603842556,2.220996799816647,3.110811454491491,4.641409702250009,3.8865525382252346
39,4.813970607701988,4.946998171509183,5.008347247186978,4.276561437082089,5.243473605734853,4.759630407298589,3.1256963815196497,4.966654576282262,4.990311437338598,4.996313863053397,4.019696853095515,4.223440440863822,5.002968871757247,4.34325530560517,4.259022547581928,4.310559950903343,2.980717854764781,4.310143439526686,4.382774880674626,3.5791156763462557,5.005862774929718,4.010754863700188,3.37901085382994,4.574011713008984,4.986536998779056,4.9560360113217445,4.63780530989824,4.819915156969468,4.001304239637712,4.214404798543142,2.250455605977413,3.2990693090301937,4.073522598129789,4.486187217403238
40,4.973599050020649,4.574055325615075,5.198895412571006,4.976842214147023,4.424618434449487,4.645955521617149,3.9865989085539297,4.964043682933964,4.495426017206535,4.497731431199423,4.993918048209932,3.342850733847105,5.013832411680166,4.7129509346427225,2.0499509639209883,5.21331489377256,3.533903027051878,1.7229468410078586,4.995001468567941,3.85937882470822,4.6681882344163235,4.513220026827203,4.960845567851269,4.717204593141093,3.2787906908219004,4.521692951985386,3.572441758374463,5.091349674700899,3.067552346389668,2.127071065997272,2.2007803103404973,5.314239166585562,4.122735055966266,5.97040459683938
41,4.591893955875363,4.586255632367017,4.7992745905832885,4.962752219173988,4.992626106751334,4.982187020521784,3.3053166048891307,4.976341388284006,4.907658494344781,4.833763173441122,3.8955001763112453,3.652462922675807,4.993440417596536,3.7343974761633008,3.9858265596663536,3.7692016219493394,3.522625418783955,4.147038331391718,4.355931151465615,3.7911172857106052,4.008232965002054,4.218845849452765,3.0087950568127653,4.38640260838306,3.982906056191844,4.478178896759308,4.215497962325996,4.692959412210354,3.4580826278051915,3.8094906006058227,2.1067040927947858,3.4510861339669305,4.124656717709156,4.30104348061003
42,4.030026192777954,4.347177862490477,4.178946789132904,3.9900250388928504,5.008570457407878,4.341916581829636,2.913047564609123,4.4559873067928475,4.463399122261343,4.643901690639249,3.448780536854743,3.762629419152378,4.130211504050723,4.1808066241814466,3.8355043937658775,3.605548856115951,2.638047383448404,4.9588360377138665,3.0349031697053612,3.003138526718149,4.982599508021728,3.9868723224405214,1.9303233832690674,4.228373235185529,4.619727113296091,4.287363996927225,4.4407575166871425,4.230320299451166,3.4797820431968587,3.387382075988827,2.01365890229612,3.099426338387053,3.991039764807564,3.7322446342659816
43,4.28510036966622,4.272514666977927,4.284144011705876,3.4282307394897646,4.009887295495259,4.328609254611896,2.890619814579461,4.182716907262121,4.103186468663392,4.118638520011402,3.9779277782318694,3.914954992374319,4.9719862556660495,4.978472621963532,3.15078538284841,4.221961794228742,2.463475493937668,3.366079902371474,4.1042403356654455,3.9172802811733596,4.794877102530115,4.095007602489213,3.5938180026162287,4.2123306761164505,4.101369044309957,4.125112911117929,3.9854504545258957,4.016529347533269,3.449031471627854,2.95328815468418,3.6103071742018855,4.1754898243445835,3.5913940460992153,4.395400571353954
44,4.228588889722519,4.119688294748325,4.108474708977885,3.6803248404046682,4.978996125930806,3.9908052163479586,3.9955303119834933,4.072827326843025,4.300762433091474,4.755017799420522,3.577186849753798,3.653682821145732,3.7455320200251476,3.850870695760335,3.3667357729679193,3.681526879652003,1.5726798966657847,3.581981019629439,2.53124998857114,3.0037262702896004,4.997062582048709,4.072187594924552,2.025221837033134,4.950551936628238,4.042281331563202,4.013788147901995,4.312804613213357,3.9913137808333987,2.219389195199793,3.2055387462519023,1.5299748043464032,3.157149086872867,4.589502746021311,3.665691119218061
45,4.6285748954399315,4.508377416462456,4.565094606788146,4.031631097749712,4.964300519605763,4.983088446272778,2.0336027583955176,4.949486736293436,4.6610590834739405,4.5716043024635376,3.0641217772348286,4.135949196741626,5.0817139680034105,3.893922060164409,4.965410374328623,3.5661473407134388,3.639289155450461,5.131767531424136,4.517722802246039,3.9100631895140703,4.2100313955461415,4.2349964273967915,3.0172430086551385,3.848238233836275,4.907220066432193,4.318686443094496,4.3958055230443405,4.037315545171,4.997826330751872,4.662992499064661,3.1756828133290687,3.4010854134019644,4.281990376697881,3.265835562902127
46,5.193339059976536,4.933144650503913,4.9793107278604865,4.077180603992087,5.210936355645877,4.99926231010385,3.4525345626160306,5.037866540718154,4.971901962244701,5.00769441650544,4.222597424729149,4.6693921355183265,5.301940648604648,5.067471492048703,4.104475417396826,4.9861270724018905,3.014658359869987,4.22715189916919,4.479163159282198,3.9147802469331983,5.1076261970214505,4.9862470465021875,3.9251520619131592,5.061728241674962,4.979668057091855,4.866255544637724,4.536565228735028,4.843747317293708,4.48097965949218,4.010413720421027,3.1520144717312752,4.252829992257069,4.841315607087016,4.827896384907333
47,4.749832601310852,4.913801159895087,4.481098548290117,4.167694724057304,4.874801884380742,4.976643455427779,3.622862746205268,4.755967738670471,4.716986149129809,4.972888545614058,4.06782381953305,4.184697449671935,4.996475789939916,4.303922115280644,4.023676348135011,4.299203531641726,2.99683905694987,3.985475011804833,4.048948269850468,4.8287919378264315,4.858512553065557,4.976719374632767,3.8017513008013846,4.814191848200301,4.003651380275078,4.476277467706071,4.423060001632751,4.447118275271581,3.7524538010429693,4.4338570688272725,3.226982280631302,4.572223234010462,4.012748535585579,4.431582979012232
48,4.60795944963252,4.4481524461643795,4.484169099305355,3.7056780120585713,4.526074519840312,4.944212996398856,2.3820435008687046,4.672122736802062,4.519538265724669,4.451156435590939,3.4421637931963454,4.349367067623658,5.272806527337644,4.452738651132098,4.3623452106557075,4.096170028717373,3.61577815948634,4.435668539199827,4.620535138798427,4.669620316083529,4.118910491289421,4.663639989338801,3.8839075693777394,4.018214415012688,4.318305298249961,4.227018114920435,4.021079307170834,4.184806287166337,4.9782873722973715,4.523239058735973,3.991317149617286,4.006772320506964,4.009686164543361,4.004735350419867
49,4.799701661991143,4.5861807315820995,4.699273814473232,4.434383059284004,5.047995428724147,4.9521930595260955,3.874525899971984,4.796770554282816,4.628784210704903,4.960436064572099,4.09874287241784,3.791156050398112,4.993442272443189,4.449259095010155,3.54668513537242,4.265060109748919,3.033286265219321,3.4462678999318603,4.42753567098195,4.3686203487008655,5.04194162802848,4.7484953889421115,3.5697706880261304,4.9223939869126205,3.907221967756942,4.25118075419607,4.212804331123383,4.265389538845353,3.0226431542582666,3.825626249645992,3.529448479802268,4.993010195196953,4.984704770951341,4.995178003646382
50,4.388354227920543,4.748502398075684,5.247462480781401,4.01960633787668,5.080950874356723,4.455374508311556,3.1015949299054895,4.651883746429448,4.982477986135375,4.985593926554346,3.949878590838939,4.076548083848054,4.979420595006307,4.422148498835595,4.286304423389125,3.7476046599582884,2.7010674842769284,4.031386530427653,4.320909505843333,3.7882368567845415,5.305869486982758,3.0400566321968387,3.09107970630963,4.3947634932333814,4.97634248617317,4.909463851154408,4.975010669426055,4.698935078590681,3.440734523076807,4.136275144874565,2.0793585984023784,2.6478226553235626,3.6359461293278006,4.3448328965907015
51,4.326888665721982,3.8705638474689543,4.207009493202786,3.527111342296204,4.304928644827176,4.2682922689137985,2.6514055232084486,4.182388568014976,4.020360729177003,3.9646142043272525,3.4208849748655,3.7213711434724597,4.965948910876104,4.007079156623133,3.3170899830836276,4.130280167821067,2.2199234129034098,3.3034756074985405,4.1197126634671495,3.36822439611327,4.120049877048863,3.991966779767817,3.453488518457773,3.929764734139151,3.9793283693883397,3.9832467508439873,3.031931379669338,3.987620287877813,3.637971284049408,3.421449865214768,3.1336587237177134,3.372983349781721,3.6860687957054656,4.706875685080995
52,3.9424167344076793,4.128356472494931,3.9089445647777437,2.8547424738777996,4.818112683678682,3.9177906581561057,3.424097683325768,3.8206512961052255,3.9970010951068087,4.9492194978912805,2.831249111965211,3.5896936295549855,3.0148968246547256,3.3671051525781537,4.096343899298795,2.9513705168588835,2.4368496269259006,3.357427813242597,2.610911247685972,4.538239639804846,5.032039400598601,3.941037704292519,2.533588398927266,4.458153325595514,3.6296775935360115,3.4628916084088335,4.965483092207559,3.0357171647707886,2.804370591169708,4.993623483865899,2.6284248937931114,3.9992140923902797,4.987271582433786,2.1818884461231804
53,4.773156695986465,4.976323372323179,5.031668566544146,4.279195537517311,5.005281787100946,4.65728313018972,3.6824650388332123,4.83221638719827,4.937849218284477,4.9896467569548815,4.389769861487631,4.132532420864427,4.999221659465345,4.3659296579868645,3.7771909459355015,4.638629596268881,2.814401731494829,3.4482341455991867,4.306387690533557,3.8773336164994525,4.999014004718828,4.136307192294501,3.988625171753703,4.811872278887411,4.4233040792187515,4.955707711091901,4.491157147372596,4.988957818308794,3.6307485457633386,4.027567580938925,2.00659322670549,3.7183598731602276,3.782104208860667,4.9961736294742245
54,5.127224449061653,4.8117934216478035,4.970429878728289,3.743596357061473,5.027716664656618,4.875921989256293,3.4184828292480383,4.772364055021312,4.982118538849147,5.004852115642012,4.22685019728321,4.949825085007651,5.206368000898546,5.303253879322663,4.003438946481463,4.997479278891731,2.999560587426242,4.207922615936397,4.323726492030679,4.32335740259833,4.778869093038321,4.993214875109661,3.994183075616109,5.032504427197872,4.807144434448279,4.830958725796441,4.441292302729903,4.979646447476393,4.573874634317155,4.149107954704912,3.4269079403709215,3.7053606163192128,4.673015070883024,4.677852308166761
55,3.2632238710091395,3.4800465878362505,2.954591254533382,2.0730994704242525,3.767697577544199,3.464462100307344,2.7808119795625905,2.9875924596834986,3.065832464029872,3.986452812444434,2.6387260883478847,3.343330566379011,3.132413834044608,3.724433158040202,3.001656730131215,2.8398559431688057,1.4464577899385556,3.1656224528403936,2.0298934570467027,4.9800377553609225,4.984701333795399,3.986901377688454,2.5069630933147637,3.7086502308738085,2.9013618221523734,2.8429981453872855,3.5896154089372843,2.522016080563764,2.480316409444817,3.9983159278712237,3.984497110978056,4.081662584160342,3.329208498521997,2.72096683724508
56,4.78072689513549,4.751163638173211,4.604443219113847,3.4283326973827553,5.084473878478076,4.822693248445581,3.3162459119299865,4.53624301458576,4.9306649000023235,5.1130930885951384,3.6600333074434572,4.948799337995127,4.872951401452293,4.990469627618916,4.6805312986365815,4.0290193752095185,2.863625803452944,4.9855725103045145,3.8320944679267477,4.878087868374826,5.003121139308255,4.7855633775375175,3.120501907450904,4.979326511185401,4.9004095808955315,4.517941453517671,4.992984517738668,4.415922091352948,4.300442622360356,4.653392713044367,3.671247139883723,3.4960708233558235,4.602253770009797,3.7134288745909587
57,2.5891332332381585,3.750619557822952,2.708023113887895,1.9885396110647826,3.413784854486289,3.078687177916201,2.5569913686498214,2.7977068278849275,2.9515960184756924,3.6579136374533436,2.27435310925891,2.6712356312100414,3.237682117272334,2.0139731157695095,3.6436702111806203,2.044556525688944,1.0405806824011392,2.5180248070971545,2.323954864346055,4.9869768367191405,4.962062368974662,2.5470190271186692,2.9978532764301393,3.0741074869655463,2.6563517262340084,3.0169560058699036,3.5379627486822205,2.254569691041088,2.0778093549285948,4.972607782873193,2.4798769602096344,3.6229740877680414,1.024306515988231,3.064895106410194
58,3.8484204251370757,4.098948809588158,4.00975294615996,3.0289595492324866,3.792484746649576,4.229376983758564,2.68984593444877,3.9517357551491843,3.8519170044983144,3.9403472656737826,3.6117065293291803,3.874078220724607,4.824550820841713,4.967637980866342,3.128733602370131,4.058253150027994,3.0063156958929103,3.3884447862308766,4.199763423105481,4.984264954733362,5.04161163938712,4.183088032633171,4.176562508062689,3.8874018397698458,3.6871378413509452,3.802840078530375,3.711242115591175,3.801697195013919,3.989320701273091,3.3221872692739014,4.313836762947768,4.988236047513221,3.018952103404228,4.99213274395104
59,4.625732946560619,4.586273238957253,4.197449232528572,3.0367198865344966,4.774637571456503,4.706963364814412,2.836465683293201,4.411279999149579,4.265671061706368,4.640748373310058,3.7049307165300878,4.457313649398563,4.93816634553702,4.989810873948374,3.8307666677085614,4.974013015529267,2.9030778364133707,3.8970182098406227,4.421366253532267,4.020566705162697,4.999219423145808,4.94840084297568,4.135408433139596,4.426966088547134,4.518832556965167,4.287773626349409,3.891704387482388,3.9067432616419726,4.461047999971299,4.971221181085483,4.983065212560775,4.989401562465818,4.936384657491092,5.0004568246445285
60,3.740872771689159,3.238682042091454,3.8118717391431285,2.925491872584803,4.098780054750827,3.740659863371676,2.8686519135265613,3.405979852183503,3.4583946904392096,3.972015660482407,3.414390673360316,3.294897602690028,3.861618511435117,4.983324603420188,1.9060615445231186,3.83342402186754,2.2789210157350923,2.7962193774321586,3.7256465160017562,3.480356987208025,4.5485207418499565,3.736303836875253,2.5745240234403446,3.8400585499952617,3.3378718428920777,3.23638977963438,2.8716180583526776,3.348694026867185,2.028270936931749,2.691025488610309,4.978661716456542,4.002138663361208,4.972269282201772,4.981049102972678
61,2.8563208914367553,2.473296088622128,3.0403491360739894,1.8266769533603051,2.8106598287134474,2.626052642078349,1.2674971096083594,2.488888262366739,2.5227146116274466,2.7528674989424657,2.8205912965886974,2.961085989159202,3.065855649267139,4.963041676287812,1.1941882479052583,3.0543558043752954,1.3159857192311453,2.93940052584072,2.4193525011705943,2.4021673636136227,3.9811048592610097,2.5670244047797395,1.5158891495682536,2.5315773821629795,3.3838846692405045,2.7507961843996815,2.4078316805568947,2.8076554207599846,2.165185596377764,1.0148066717060316,3.9812438193316586,2.016781493763862,2.987381195726115,3.0029010218903105
62,4.43590304429855,3.8665218053187194,4.331345764986861,2.876443304025646,4.374071158359378,4.55417537444051,2.441078050631285,4.244553677091621,4.0177207502481505,4.2522253358743765,3.0797275662317487,4.309944021389784,4.757266000113325,4.989689634148173,3.812485079201971,4.195061386432866,3.5843262719943683,3.7309120236883717,4.489798654644401,4.98948182757339,4.626922116421847,4.79138702733189,4.160788722011896,4.074442549334009,4.076591091407809,3.6011980918511615,3.802035030557215,3.583163671930455,4.9791173225164,4.1771130305681385,4.987886244919649,4.99551782226914,4.990455509986942,4.193164886316624
63,4.353952164268792,4.241010191629303,4.381978638066237,3.6675966178885306,4.181375735436708,4.098090214675594,3.532881143732515,4.3899633922011185,4.073477673511927,4.08157273349347,4.228913404470678,3.7088893057643917,4.516092413857581,4.965218300835714,2.567618881636968,4.971545618019577,2.5813523639327576,2.7026680078947054,3.69946742673551,2.9712373941406702,5.129465017280938,4.464678358807709,4.023979352146493,4.653021143688228,4.006451367903839,4.198177365185298,3.9531839970277893,4.369839996541884,3.6853974845496693,2.002359109079616,2.0231157346569795,4.978956384053479,4.005819259302575,4.999859372389526
64,4.589645326038668,3.532216220367386,3.922032747541584,3.476569542035652,3.906234564591895,3.866177311058923,3.217695422775338,4.148310060893693,3.609400940961967,3.5886316328018144,3.8112007587307963,3.56456269249202,4.013230190033425,4.771620723401899,1.9703300110499606,4.961579237229258,2.255498839813523,2.5013174719984956,3.2077283300817645,2.012471603994763,3.9983660072485994,4.965185818782912,3.348989122544492,4.52964758894686,3.705592466022659,3.581439395663065,3.114443142743296,3.9757799526710262,3.575444594491216,1.0279737061294536,2.006922713825984,4.458765240825806,4.987646660078018,4.002106554829355
65,2.383721516296359,2.2623410575128804,2.633523224633706,2.5246365817171577,2.5411244969876274,2.6316776000157125,1.7156162438862603,2.8307520288191244,2.320215008902186,2.312698154116814,2.1210828942150366,1.7804567619011642,2.542103633649461,2.9201437745896186,1.5168390261568718,2.54781262449197,2.9683919549050213,1.8417464968129518,2.8575371139768446,2.0106043133817795,2.983333532868157,2.629538169407484,2.3731870369987353,2.3709072393160144,2.162008276887206,2.082278862844412,2.3308642931830676,2.2961495523830173,2.5530350688875267,1.0126498023934003,1.8240779222590027,3.9844177387764215,2.9978500361502145,3.155498288740485
66,2.9874451999698186,3.1582381128234625,3.549527138711067,3.1208986364147964,3.2967615390220133,3.6729690263047607,2.447571544579176,3.335822958846995,3.454220452238368,3.553879825795489,2.61791138205455,2.75703407568858,3.559993155791639,3.113679195777432,2.803844114345719,2.555873098557001,3.970147084124745,2.4913682171543887,4.00196105971856,4.96992162950032,3.0065218736813235,3.18555913103462,3.4671230354474374,2.991657776954702,2.053458780610262,2.7997235382822376,3.0218735937056773,3.21324102584683,3.008481989671411,3.563142605825322,3.29442276580878,3.9287491967439045,2.957625854792809,3.986406543168803
67,3.5380230473343826,2.8907334479097564,3.1261514680395828,2.434202844390643,3.882601808142358,3.102820680259199,3.232969102352464,3.266109804506308,2.7578183811838803,3.373038561436555,2.7168529222973268,2.606685983815015,3.142379267192857,3.620731287525516,2.0296558905597015,3.718844579092647,1.0193878177629139,1.725954238211941,2.511816357435851,2.016140512280056,4.985492230679219,3.7828028013064596,2.565099174687983,4.090478440873026,3.2349008395207197,2.6712313794835794,2.8963913290397847,2.3690143689355274,2.009789190504154,1.9262800332240841,2.5226401480042164,4.975457618034538,4.96532541004982,3.9912073458089323
68,2.2906431120059265,2.5014835551500085,1.9790666637481404,0.8309457871816323,2.3781891209906956,2.352997150714045,2.0162128639119405,1.8450381303943801,2.043877330818779,2.857773378118926,1.1680499147155117,2.2604600026439603,2.108559463501471,1.0044063155498253,3.173741754591266,1.3103175052906986,1.0123332408533012,1.0178258379208955,1.8428127115775421,4.9719404338747015,2.7908482722925982,2.4541407948406624,2.9429434032433393,2.4592530085228774,1.2846595265159113,1.6515695371231822,2.6267707553645585,1.0657706896888541,1.9039554843227553,4.963366768741392,2.6774382869355913,2.992854352638034,1.900429330705062,1.0123136223661517
69,3.712884114504671,3.8723465006181326,3.823909715639055,3.4572077703212,4.018811824647206,4.449548063578191,1.5597123301252966,4.118988845867183,4.109439963832718,4.177889822439272,2.5176271624806197,3.703014359581001,3.702074996554623,3.7516861395960364,4.218414921106455,2.520922148163465,4.961522433488526,4.9651164324399435,3.9919356389686382,4.982818788472186,2.9997862252288083,4.000897249950094,2.5877332453573914,3.0547126240922875,3.4981672970505397,3.3445412007873876,4.2631741959471645,3.509124011289431,4.655949197679491,4.403736513454966,3.799640001330752,3.303381768636589,3.91795444658774,2.0249369509111843
70,4.060060663764342,4.493423216438566,3.8504928004176016,3.345256937243045,4.2023436375118886,4.536581328677283,2.2969565172378403,4.259939149966918,4.212522284899226,4.05466350826416,3.219131696578301,3.841388134547931,5.1892844081619085,3.609322017298305,4.287816416595835,3.7965101245260917,3.0156203298827253,3.9785325612897435,4.955320596782714,4.013473128886699,4.004474335904606,3.797461186900131,3.882781596820014,3.649562432912432,4.191272684700891,4.18596453058611,3.5327416114855548,3.7378465569424253,4.046637276077466,4.973640334501744,3.9982959598611614,3.990119407425331,3.0133794739565247,4.995160541355762
71,4.260551968543138,4.0480302509967405,4.169612475018578,3.105925790060389,4.448890534260058,3.9432954785402927,2.3619712989836086,4.138754441122987,4.0448354373012325,4.016271686008747,3.346068603888887,3.9524108150451234,4.458614819685691,4.526816536453193,3.5067218332394887,4.028542557339784,2.0006575024817925,3.9988585652829767,3.710692880612428,2.6310685429392437,4.848867102579349,3.6100919435517973,2.748963051606573,3.9935514192239285,4.9439063990180285,4.184674267379434,3.836879983341955,3.903675415301958,3.767202196053472,3.0034786941254494,2.713940400311298,3.000041910181636,3.8788397852786236,3.9951194247490185
72,2.4741229710893475,2.9395634465794775,2.8914783638155526,2.3655217565095823,3.2802924159055493,3.281511530325121,1.7166480536207036,2.9410558018796062,3.205507403059199,3.472828199614129,1.6962630846524254,2.6920216217214996,2.5617124528726576,1.9910401556057544,3.513202829669142,2.071785475942009,3.9558161826845466,3.000641596596885,3.0186612754297606,3.9995117114774965,2.0041196381625808,2.8884964597438874,2.668077812085686,2.40163542026713,2.0302750471618225,2.5114664652256047,3.089027829639637,2.627285213784944,3.53416276460822,4.963162145511711,2.557582472750576,2.743229637208445,3.1140381546872837,2.2733597745304004
73,1.3404742011245814,1.8396044212995561,1.2157654038056622,1.1225467517041121,1.5188210767682906,1.717008538460875,0.8831513605620813,1.5113278052157335,1.2264072267750104,1.5324780228608603,1.5625797210733436,1.2708412159741365,1.932610418446173,2.339759763156504,0.9149897789953256,1.5983580825613806,0.9871402277211867,1.6086453314054792,1.7609728280861603,2.0142362333687203,2.9762005814828556,1.6398603801790141,1.4327576205221644,1.3657109514642838,1.6196613397323485,1.462499522407677,1.434937242894693,1.0864670456181837,1.008766295708209,1.3001161880375978,2.9768380336101004,2.989581031538172,1.0167589132674695,2.540442143421729
74,3.3846304801257645,3.5207744460276627,2.891328749801924,2.221965610604441,3.2842875492803465,3.411062214586622,2.996439206673575,3.062774785795684,2.855647142986512,3.456307244874923,2.7029191550531255,2.8803028364938017,3.7775952650066054,3.1136088714995145,2.9325551671317753,2.7665712935464484,1.0318760589594222,1.993394084587168,2.982710610102034,4.9716361489752865,4.994651210540051,3.6107835775125596,3.428095971110976,3.743821476221844,2.7007972972862135,2.7607625348718656,3.226165384211835,2.214515042165685,2.008730207413234,3.453537804442023,3.646899972608129,4.978725373466316,2.5496537057914037,3.5727811918127945
75,4.200228898443131,3.730118431545901,4.038030807649487,2.852195814282491,3.8587435837235255,4.4440276847364135,1.920940677637523,4.125944187198789,3.7661620811684426,3.7870852003346727,2.778863955665537,3.9121282928206553,4.753615636730114,4.355372931683993,3.814145066794096,3.752422370163101,3.994825295757312,3.4239532369958967,4.979621571235309,4.99317020577143,3.8854356382564137,4.374512629297786,4.3764531388210814,3.499042168710021,3.702127727008859,3.3437598011374976,3.448577601831714,3.260738687839059,4.980512279288918,4.181755362176849,4.984564760134086,4.9930731587312485,4.308652357856643,4.006601576141513
76,3.177280974675908,2.8295338162542953,3.779605623060268,3.3530651489111594,3.4838561737355027,3.5905396785723886,2.262551503445741,3.600049796941446,3.411631661043998,3.2119961020936594,2.8574492829142524,2.722222001850582,3.7744142337602695,3.951276985655338,2.08562458504152,3.4740647997048715,3.970495542082988,2.563424396435105,4.246240228261268,2.903152884952087,3.1129471894197915,3.264418767136444,3.188580061102478,3.063804736524236,2.7704222921097514,2.9673733881677413,2.546528163179045,3.547511034982268,3.35846273693445,2.012149921223638,2.995218048094512,3.999887703998755,3.9886738650449276,4.976691350703568
77,3.7113940503311134,3.176648220100533,4.036501382767533,2.8166327552072996,3.2165902034605387,3.6423798528693374,2.6462042919455624,3.4906885660019085,3.2206479680330298,3.3104392337164517,3.0020053346752964,2.8590919331859275,4.4131173038109255,3.6595263401649825,2.4294599291797643,3.376366075860838,2.9986320114231186,1.030227381944077,4.966292041369998,4.978302650232652,3.9910249416292034,3.1749717354251845,4.7974414522532145,3.3797630235601837,2.4908675088006684,2.928666862781204,2.6553342731191956,3.024325590454596,2.9388829438955977,3.0062267964936114,3.990523153763906,5.000504015401205,3.293922317780351,4.990113573263525
78,2.708071789621977,2.5366275107689,2.825731693959388,1.7571148359288011,3.013122419506153,2.4456789668197816,1.903257445880127,2.739583123299577,2.4682986107622242,2.631734575351189,1.97538268197459,2.5050505629465167,2.83810200650455,2.7121383531704666,2.48413151696414,2.8089856397530872,1.0093340012513237,2.0041668337349763,1.9676913620161283,2.0059980421611825,3.9694255882735328,2.5432508459898124,2.4418762381711665,2.8562662212359426,3.1083674251585327,2.569617089810875,2.6893826037801722,2.317002235911739,2.970619173008826,2.0552438200857823,1.0097004694022944,2.880805782239391,2.538280724997611,2.6149204423786685
79,3.9398939612827153,3.9545710398770466,4.498067594839283,3.8686967371871748,4.080436768078073,4.261963882920385,2.710132965117589,4.127813027208973,4.142913482754369,4.220716729507437,3.416296983214592,3.2167282396570074,4.403308291285668,3.853647444916418,3.1765317286145565,3.14883196078269,3.975873923432695,2.8395345671979206,4.965073683749729,4.9827866962556095,3.987244058472938,3.26186159113258,3.7521040186900714,3.5789002286105123,3.1589453970249015,3.69775662622605,3.686483970026837,3.8963649025817086,3.019744483339796,3.7127839064521706,3.5991912575500526,4.007883397226218,3.539134260237975,4.548689722684206
80,3.671918137650513,2.540477820261462,4.096689588077502,3.301434503755356,3.2163326969604835,3.5124335650117247,2.1242307024282305,4.069495999012213,3.275271129680823,2.711370803637459,2.2686791858745443,2.4586428164090024,3.6713088783955947,2.782251423712962,2.6542862691254885,3.832478011263217,4.967415421590566,1.026956798729535,4.973865268086693,2.0209680980339035,2.0032228153205414,3.457596028316433,4.705485584024807,3.1019290471330954,2.5938842490051437,2.6197484938614286,2.600366700987739,3.195645344768355,4.973342912951005,1.915717270073961,1.0184182350732747,4.979513891613432,4.983630552185582,4.000733323103438
81,4.1615063892399595,3.1932777633808067,4.369961934872574,2.5227856089790577,4.427857363777263,3.964783915336218,1.9034079155954127,3.804629615036365,4.033693242334634,4.135682084339749,2.33563060594237,4.326513137153636,3.9865988476056984,4.09500238738693,4.111822322903718,3.4385644876046833,3.0091441758108837,3.9901552760797094,3.4875084002729895,3.9783596487049633,3.325949875943332,3.8985037341097026,2.877246405465038,3.614521020107369,4.143037367656571,3.4442055429588585,3.555994926961149,3.650892949897184,4.96574360413942,4.307723105959303,3.2818830999409303,2.027264484495895,4.9724288428439545,2.5374975954605192
82,3.952140720140533,4.1435989244435705,3.7698106213978426,3.309222453881155,4.417471583079474,3.989466127563817,2.8017443044752013,4.026594028912912,3.9132663397720533,4.177885968305054,3.4493466071498604,3.6333747798991056,4.069168454936348,4.234839066577671,3.248795018509547,3.8696533491537597,1.9999945525594913,3.984341934649168,3.0313931368812694,3.01021702135579,4.979550684640511,3.985649450721371,2.516617426348802,4.076779790894168,4.257161920145915,3.984831051381765,3.8900526996681952,3.7615197286822544,3.2016480297107477,3.1582055088332415,2.6403735222679394,3.6173975230058706,3.6488316489852246,3.8964042722940215
83,3.866012677740535,4.246093856457441,3.5510791860843898,3.320864840255292,4.428068848043173,4.6000750938864385,2.455235896716254,4.199833637760505,3.9928960690460555,4.180408755057797,3.307601669371972,3.932329423971091,4.7223023518733225,4.893865834133103,3.613316336898125,3.977896329971598,3.1454162294795283,4.962368454249976,4.0031934651792405,4.007204831003711,4.99996451189323,4.672980158661463,2.9208459668898605,3.9133273857390893,4.300906782193366,3.8473815228210273,3.734679424507389,3.607640153274247,4.001120876383522,3.8414235570753337,4.984784039348162,4.982009081129687,4.0005242620334585,4.988298385993239
84,3.3501420102733985,2.7702863958420423,3.0317616544081916,2.046186568695085,3.11379093891733,3.8094930066854404,0.864651480910761,3.2420405425747094,3.168053572068065,3.012262644999064,1.822687117599325,3.6932786596853724,3.8729556879878584,3.780997465540096,3.514933219624734,2.9860238503575602,3.8139253640419466,3.980820242396896,3.9974204003537137,3.989559855344177,2.0261551519001144,3.976203928434224,3.0163686054169565,2.5061522397379963,3.1696693934106146,2.5879591396314106,2.521160381175208,2.7072970196968194,4.973339659661858,3.962056647052871,4.9787121948599244,3.118846901036159,3.9912092245935162,2.734221974065903
85,3.4513443277631195,3.2568322667964043,3.4276350978837384,2.756868390437737,3.1580150686750037,3.650991641014265,2.550368642707402,3.4189966891772956,3.1220003849663236,3.309019838885985,2.673879495712537,2.8548705904684297,3.9022286793722754,3.3602646461320504,2.8109068025868886,2.8829786572948297,2.956242398869991,2.0017571331707873,3.982503081862689,4.97104655057649,3.908685555847016,3.5996789363794304,3.9379177521306636,3.3669163846633117,2.4690582370371517,2.708922230746954,3.09100746919418,2.718732181131571,3.0689942393590557,3.0102382326455546,3.551890338842741,4.985617248261339,3.0775600383768533,3.769893514281897
86,3.7410204232254314,4.084495593093205,4.366824600156642,4.124144778610039,4.478923313240499,4.2041813784236615,2.9581073652456555,4.420461554180871,4.54402276311885,4.122290663505843,3.350812897207,3.5285432929218534,4.611783983183383,3.4979996245227363,3.8159400889939734,3.7011408377835138,3.303445748934812,3.9685248219345333,3.9842091614443795,2.9922356377514814,3.9030397124185052,3.4539805447454905,3.1415934790339546,3.9369687681916172,4.026667445192436,4.286290280028896,3.7920691953930343,4.599637530361377,3.9887440814153097,3.2673443109496354,1.0310776332865925,3.0018528883248456,3.001456071633352,4.977684312888184
87,2.9561221532227715,3.2418174842563117,3.4955151266170206,2.8278629916451954,3.9591134285381444,3.132893387471911,3.802763673233061,3.1926619968926353,3.3395013384839762,3.916884953171708,2.782197244590237,2.680627584809349,3.0588327241013955,2.851851764118145,2.722034373349048,2.8984721016551025,1.502010514020145,1.9780850315882739,2.029108733923133,3.9691334307815644,4.984071418205009,3.2289671678773533,2.854640432996141,4.0700675737569565,2.516265430573345,3.0063342678165235,3.5410899252851205,3.1213219470796223,2.0397960769998438,2.999323141282454,1.0237869464320772,3.9954906760905784,2.987403862893262,3.9747463469455147
88,3.7068183163599198,3.5124725591799075,3.430462455057867,2.279896614134266,3.806943194358881,3.8760056430135834,1.9820948695778684,3.610688687098061,3.202520758480149,3.5681924571411474,2.7647064077214245,3.601935335603177,4.234263351233057,4.61938665790923,3.094001741647727,3.794228610795509,2.4788638848496727,3.4202607446007045,3.7697832186807894,4.00970129664823,4.979057483534552,4.1071645626577835,3.450280461513054,3.463245532908706,3.883645633361444,3.1744246332627752,3.216602454645516,2.7870544506282493,3.983460772331715,3.4681763043601426,4.974551193575332,4.991862565410014,4.000932396181029,4.159928848140053
89,3.9778290518309913,3.4149015684476027,3.5233839536865283,2.338504071792714,4.04626167252558,3.7295676974004404,2.778629757056301,3.5060464655731467,3.164633695241555,4.104049743899677,2.484867842671668,3.323180440023453,3.1685405958129764,3.763812656280983,3.2936042115471498,2.90759322968734,2.2527086300346313,2.6457584749538974,2.842435538844234,4.981746121573992,4.980505058764539,4.260824761207067,2.9782918372854095,3.9970545551511276,3.174365467904089,2.6591449806916914,4.01892439281305,2.276400229664935,3.006342070309367,3.7771516673226615,3.9933053787178054,4.986610076078767,4.974855909804239,2.0245929533923412
90,3.1423871580103655,2.4273047596747888,3.171717826340694,2.0873281686418776,3.269886563774964,2.8420091259907254,1.8173262660246812,3.1487561873675953,2.799201140286329,2.8291037254633107,1.7621418085068319,2.7739295022092083,2.7895547541363603,2.7083346293058166,2.917293881066513,2.953353996780004,2.32416636327453,2.269099908817563,2.4574314471472056,2.004901345428699,2.988529641754412,3.1552616998547385,2.6251137506909736,2.9993200377541704,3.0997963950749994,2.460615672049419,2.8861112090690786,2.500479747347508,3.967955837492829,2.3416901077383416,1.0146641327149097,2.995327244969887,3.982129212466768,2.007632337896891
91,3.586811858593087,2.8938731484856532,3.136798512082883,1.9889723228671787,3.644640710021307,3.468575304196133,2.099602068612763,3.1590934569093734,2.953488424374708,3.5874148502151395,1.9818148154451352,3.1972146820591627,2.9866172856966062,3.2728154576986177,3.2062964578216993,2.837808633627818,2.5680351002139,2.6398057908110437,2.9929505881171456,3.995467676868525,3.459606421713336,3.923147976130066,2.7690547909980485,3.3470262858108173,2.90251597330977,2.3884825648113823,3.205936261080876,2.146003997299323,3.3576055738206683,3.9874938782698575,3.988241069985388,3.9904802514710136,4.971763736096754,2.014888806761202
92,2.4165719350721715,3.315152030464422,2.9678509916215106,2.7778732522810947,3.1428646239688995,2.796827800305686,3.031760148357463,2.9775099202005744,2.8928197539786367,3.0371504094280706,2.9633101554432217,2.1118542289549325,3.48169144764818,2.731336469863623,2.1227176296245616,2.870311873871526,1.1302455307422714,1.7958055216293578,2.561260267559353,2.9944726678403626,4.969638667599069,2.3229697212598697,2.9792308575524524,3.2455783012554527,2.615025916564048,3.144773961216177,2.8653290426355897,2.984974003345413,1.6338687879881417,2.0717184836267672,1.016038852143001,3.991189498260439,1.0213498399854792,4.974214135906675
93,3.028092935777952,2.9379832294315014,3.2738382698744544,2.5820324008276114,3.962469919453057,3.11378908752403,2.5155171502488196,3.15546004561841,3.183976316088417,3.5205991424350005,2.5102989792355275,2.766906190046497,3.1466922272137134,3.258685713213571,2.54837325006875,3.210345628918135,1.7492676644099208,2.7742623471690475,2.6661894396001364,2.0155156662968325,3.9848995857747282,2.9287635274203305,2.012857900395993,3.3467709047989644,3.314391146436637,3.047576822473668,2.819149270797344,2.9534681413498083,2.3859248860560514,2.982945469767498,2.2903833471465074,2.930756803308516,3.981152559419515,3.981078468378946
94,2.327599760554358,2.443317850520888,1.9829785321015831,1.6347121272017053,2.0162548142193777,2.846672455905072,1.494080882783956,2.3292707117593636,1.9080160265030492,2.128077884705618,2.147222921646085,2.213579075076483,3.3480697615678574,3.5169315172319267,1.5694430648133,2.543361390059696,2.071876319555615,1.9634338444913189,3.273789134895756,3.989729327658472,3.5878257584967823,3.120902283229341,3.0883086574634953,2.2506203985385693,1.939779845872545,1.8673512203768732,1.7877323139650205,1.6633844395587631,2.2964103332291104,2.0138684928850528,4.969833804680291,4.979173333498045,2.012849104685836,3.9894586150994207
95,3.9034982238045135,3.777398325851369,3.005472354168415,2.6057011973853537,3.6062665437900323,4.223730282778826,2.70910398704306,3.6611018454477535,3.4988177853678297,3.825888423054176,2.507284171736676,3.6288243353830554,3.9016949228184,2.952159754390908,3.923615637754776,3.390798603476773,3.1660103918211293,3.0378062136550765,3.624508390241097,4.99102285729401,3.022849838532936,4.964692820651489,3.969242700023625,3.8281542653771887,2.641839741678486,2.9230105041411107,3.343604536963085,2.760716247280953,4.065417505526526,4.977656799386131,3.99727014344718,4.9844490931241285,4.000809075455548,3.002899411073311
96,1.1578729880915957,1.3770973201858885,1.3566105399158048,1.7316013837457036,1.216635337135583,1.7234343418825897,1.5986124073400623,1.65000533422071,1.5071757771948637,1.0996513766181681,1.4167020597671915,0.9222321779918907,2.2463105366116807,1.1647899443740068,0.8837568854265481,1.93162269656303,1.9070724972490045,0.4534636683338626,2.489476220550927,1.2540267645366407,1.0279680744040156,1.6755658482919913,2.469177528143765,1.5237332788342262,0.632093857533766,1.3306702250549798,0.5958293869118838,1.6626677119024977,1.4789142182368356,0.997417307387292,1.0074369037246915,2.9769272879100894,1.0044829299291052,3.96327132739509
97,3.917968889577168,3.91880333425381,4.112112149857014,2.94047168989474,4.37736181929803,4.200941853728355,2.849809348345226,3.886473993204249,4.056138150914818,4.299725850581568,3.0875193090753803,3.829996543470897,4.542124169396812,3.830956234474734,3.7330140061214125,3.9010542989068213,2.9135519752954147,3.0983597656375945,4.315233994889395,4.478893014235818,4.19403909843603,3.874396147154145,3.988273952011008,3.9083471669974594,3.565964085749183,3.776038809720598,3.3828322302744604,3.6871743824694736,3.7844078518094326,4.977176986079107,3.991637946362452,4.006446126082136,3.9925605599283296,4.9810844031201125
98,4.207711333196464,3.773171083514292,4.233445333462374,2.8398759693630384,3.9186736622627456,4.273891706956589,2.4947057244027,4.127739889976043,3.8623247723169887,3.7742045147333254,3.0887848385476118,3.960747972274795,4.958071774133717,4.2900978393576175,3.5982022265702733,4.382605785754084,3.4398387099244028,2.731665115954415,4.8580048051596245,4.505421320724808,4.1121153943665405,4.324717593215465,4.971029196357202,3.8524545016084875,3.683556758991732,3.633505485333474,3.2413676596145287,3.6641915901862716,4.980899875532888,3.998661108938193,3.9906742626906064,5.000870023225525,3.998835973249331,4.990260379307919
99,2.5167595727852805,2.0237650943457077,2.0691472069607046,1.7039905117197205,1.991897655391539,2.4845499947324985,1.7714883142515763,2.420551070450374,1.7257100822453317,1.8864007471420983,1.8947370650407644,1.8440401422208603,2.6872503552715057,2.922242207619262,1.3287887456111755,2.6487201162992466,2.010289128603689,1.0395386780829527,2.7763567199020454,2.663384641839114,3.0950834892171173,3.1521851845086166,2.98806588104921,2.497699266079632,1.7967438370640707,1.551545270093911,1.8477295218401846,1.4906414993809773,2.38804014490775,1.0188250256030709,2.98930661215354,4.971759145801712,2.9924180115937196,3.0019556905727103
100,2.455725686594483,1.9264474902906252,2.7034602949565922,1.8775735416909056,2.661701408646435,2.7716880785813696,1.3329464265177113,2.486443169450276,2.382569233932071,2.2274681718043166,1.983728124713019,2.4948275860957767,3.5419635629057353,3.4385848235466887,1.6096685633024972,3.1501628364407437,2.277897750923362,2.093832610983803,3.576153170178573,2.3573876878962063,2.5610274921628857,2.6814026978966474,2.838861858582168,2.1658321166522767,2.4122388657691105,2.2549144246718527,1.0238194541113599,2.540695708918449,2.987020449073812,2.1657259050459152,3.9828008725321165,3.006375222731515,2.9905103107399156,4.967247402408934
